{
  "workload" : "vehicles-location-100k",
  "driver" : "NATS",
  "messageSize" : 200,
  "topics" : 100,
  "partitions" : 1000,
  "producersPerTopic" : 100,
  "consumersPerTopic" : 100,
  "publishRate" : [ 0.9971193890913381, 0.9970326708475173, 0.9971303931417151, 0.9969552076740575, 0.9971326448678517, 0.9970886220706945 ],
  "publishErrorRate" : [ 0.0, 0.0, 0.0, 0.0, 0.0, 0.0 ],
  "consumeRate" : [ 0.9971193890913381, 0.9970326708475173, 0.9971303931417151, 0.9969552076740575, 0.9971326448678517, 0.9970886220706945 ],
  "backlog" : [ 0, 0, 0, 0, 0, 0 ],
  "publishLatencyAvg" : [ 0.6437, 0.5441, 0.6202000000000001, 0.5928, 0.4659, 0.48519999999999996 ],
  "publishLatency50pct" : [ 0.675, 0.5, 0.651, 0.499, 0.497, 0.485 ],
  "publishLatency75pct" : [ 0.707, 0.64, 0.702, 0.631, 0.522, 0.528 ],
  "publishLatency95pct" : [ 0.75, 0.725, 0.92, 1.288, 0.549, 0.534 ],
  "publishLatency99pct" : [ 0.75, 0.725, 0.92, 1.288, 0.549, 0.534 ],
  "publishLatency999pct" : [ 0.75, 0.725, 0.92, 1.288, 0.549, 0.534 ],
  "publishLatency9999pct" : [ 0.75, 0.725, 0.92, 1.288, 0.549, 0.534 ],
  "publishLatencyMax" : [ 0.75, 0.725, 0.92, 1.288, 0.549, 0.534 ],
  "publishDelayLatencyAvg" : [ 86.0, 108.9, 80.8, 126.2, 94.8, 97.8 ],
  "publishDelayLatency50pct" : [ 86, 92, 75, 92, 89, 92 ],
  "publishDelayLatency75pct" : [ 91, 93, 92, 119, 100, 93 ],
  "publishDelayLatency95pct" : [ 158, 245, 104, 355, 164, 134 ],
  "publishDelayLatency99pct" : [ 158, 245, 104, 355, 164, 134 ],
  "publishDelayLatency999pct" : [ 158, 245, 104, 355, 164, 134 ],
  "publishDelayLatency9999pct" : [ 158, 245, 104, 355, 164, 134 ],
  "publishDelayLatencyMax" : [ 158, 245, 104, 355, 164, 134 ],
  "aggregatedPublishLatencyAvg" : 0.55865,
  "aggregatedPublishLatency50pct" : 0.522,
  "aggregatedPublishLatency75pct" : 0.651,
  "aggregatedPublishLatency95pct" : 0.75,
  "aggregatedPublishLatency99pct" : 1.288,
  "aggregatedPublishLatency999pct" : 1.288,
  "aggregatedPublishLatency9999pct" : 1.288,
  "aggregatedPublishLatencyMax" : 1.288,
  "aggregatedPublishDelayLatencyAvg" : 99.08333333333333,
  "aggregatedPublishDelayLatency50pct" : 92,
  "aggregatedPublishDelayLatency75pct" : 93,
  "aggregatedPublishDelayLatency95pct" : 158,
  "aggregatedPublishDelayLatency99pct" : 355,
  "aggregatedPublishDelayLatency999pct" : 355,
  "aggregatedPublishDelayLatency9999pct" : 355,
  "aggregatedPublishDelayLatencyMax" : 355,
  "aggregatedPublishLatencyQuantiles" : {
    "1.6666666666666667" : 0.292,
    "3.3333333333333335" : 0.356,
    "5.0" : 0.374,
    "6.666666666666667" : 0.379,
    "8.333333333333334" : 0.391,
    "10.0" : 0.393,
    "11.666666666666666" : 0.394,
    "13.333333333333334" : 0.399,
    "15.0" : 0.405,
    "16.666666666666668" : 0.42,
    "18.333333333333332" : 0.435,
    "21.666666666666668" : 0.438,
    "23.333333333333332" : 0.445,
    "25.0" : 0.448,
    "26.666666666666668" : 0.45,
    "28.333333333333332" : 0.454,
    "30.0" : 0.47,
    "31.666666666666668" : 0.479,
    "33.333333333333336" : 0.485,
    "35.0" : 0.497,
    "38.333333333333336" : 0.499,
    "40.0" : 0.5,
    "41.666666666666664" : 0.505,
    "43.333333333333336" : 0.507,
    "45.0" : 0.512,
    "46.666666666666664" : 0.516,
    "48.333333333333336" : 0.521,
    "50.0" : 0.522,
    "51.666666666666664" : 0.528,
    "53.333333333333336" : 0.529,
    "55.0" : 0.533,
    "56.666666666666664" : 0.534,
    "58.333333333333336" : 0.541,
    "60.0" : 0.544,
    "61.666666666666664" : 0.549,
    "63.333333333333336" : 0.568,
    "65.0" : 0.597,
    "66.66666666666667" : 0.603,
    "68.33333333333333" : 0.618,
    "70.0" : 0.629,
    "71.66666666666667" : 0.631,
    "73.33333333333333" : 0.64,
    "75.0" : 0.651,
    "76.66666666666667" : 0.665,
    "80.0" : 0.675,
    "81.66666666666667" : 0.686,
    "83.33333333333333" : 0.689,
    "85.0" : 0.698,
    "86.66666666666667" : 0.702,
    "88.33333333333333" : 0.707,
    "90.0" : 0.708,
    "91.66666666666667" : 0.725,
    "93.33333333333333" : 0.746,
    "95.0" : 0.75,
    "96.66666666666667" : 0.767,
    "98.33333333333333" : 0.92,
    "100.0" : 1.288
  },
  "aggregatedPublishDelayLatencyQuantiles" : {
    "1.6666666666666667" : 32,
    "3.3333333333333335" : 54,
    "5.0" : 59,
    "6.666666666666667" : 60,
    "8.333333333333334" : 65,
    "10.0" : 67,
    "13.333333333333334" : 68,
    "15.0" : 69,
    "16.666666666666668" : 71,
    "18.333333333333332" : 72,
    "20.0" : 75,
    "21.666666666666668" : 79,
    "23.333333333333332" : 84,
    "26.666666666666668" : 86,
    "28.333333333333332" : 87,
    "30.0" : 88,
    "40.0" : 89,
    "45.0" : 91,
    "61.666666666666664" : 92,
    "75.0" : 93,
    "76.66666666666667" : 100,
    "78.33333333333333" : 101,
    "80.0" : 103,
    "81.66666666666667" : 104,
    "83.33333333333333" : 105,
    "86.66666666666667" : 119,
    "88.33333333333333" : 122,
    "90.0" : 124,
    "91.66666666666667" : 134,
    "93.33333333333333" : 151,
    "95.0" : 158,
    "96.66666666666667" : 164,
    "98.33333333333333" : 245,
    "100.0" : 355
  },
  "endToEndLatencyAvg" : [ 1.0, 1.0, 1.0, 1.1111111111111112, 1.0, 1.0 ],
  "endToEndLatency50pct" : [ 1.0, 1.0, 1.0, 1.0, 1.0, 1.0 ],
  "endToEndLatency75pct" : [ 1.0, 1.0, 1.0, 1.0, 1.0, 1.0 ],
  "endToEndLatency95pct" : [ 1.0, 1.0, 1.0, 2.0, 1.0, 1.0 ],
  "endToEndLatency99pct" : [ 1.0, 1.0, 1.0, 2.0, 1.0, 1.0 ],
  "endToEndLatency999pct" : [ 1.0, 1.0, 1.0, 2.0, 1.0, 1.0 ],
  "endToEndLatency9999pct" : [ 1.0, 1.0, 1.0, 2.0, 1.0, 1.0 ],
  "endToEndLatencyMax" : [ 1.0, 1.0, 1.0, 2.0, 1.0, 1.0 ],
  "aggregatedEndToEndLatencyQuantiles" : {
    "98.27586206896552" : 1.0,
    "100.0" : 2.0
  },
  "aggregatedEndToEndLatencyAvg" : 1.017241379310345,
  "aggregatedEndToEndLatency50pct" : 1.0,
  "aggregatedEndToEndLatency75pct" : 1.0,
  "aggregatedEndToEndLatency95pct" : 1.0,
  "aggregatedEndToEndLatency99pct" : 2.0,
  "aggregatedEndToEndLatency999pct" : 2.0,
  "aggregatedEndToEndLatency9999pct" : 2.0,
  "aggregatedEndToEndLatencyMax" : 2.0
}