{
  "workload" : "vehicles-location-100k-pravega-single-stream",
  "driver" : "NATS",
  "messageSize" : 200,
  "topics" : 1,
  "partitions" : 100,
  "producersPerTopic" : 100000,
  "consumersPerTopic" : 100,
  "publishRate" : [ 10.07021641052002, 9.962781831674388, 10.062783188824676, 9.967426735493554, 9.965273866656917, 10.065059130119192 ],
  "publishErrorRate" : [ 0.0, 0.0, 0.0, 0.0, 0.0, 0.0 ],
  "consumeRate" : [ 10.07021641052002, 9.962781831674388, 10.062783188824676, 9.967426735493554, 9.965273866656917, 10.065059130119192 ],
  "backlog" : [ 0, 0, 0, 0, 0, 0 ],
  "publishLatencyAvg" : [ 2.208049504950495, 2.30171, 2.36280198019802, 2.32117, 2.6852199999999997, 2.6763366336633663 ],
  "publishLatency50pct" : [ 2.092, 2.162, 2.228, 2.226, 2.395, 2.414 ],
  "publishLatency75pct" : [ 2.323, 2.348, 2.469, 2.471, 3.213, 3.163 ],
  "publishLatency95pct" : [ 3.151, 3.303, 3.476, 3.119, 3.818, 4.049 ],
  "publishLatency99pct" : [ 3.487, 3.746, 4.005, 3.409, 4.742, 4.641 ],
  "publishLatency999pct" : [ 4.39, 4.541, 4.311, 3.552, 4.855, 6.347 ],
  "publishLatency9999pct" : [ 4.39, 4.541, 4.311, 3.552, 4.855, 6.347 ],
  "publishLatencyMax" : [ 4.39, 4.541, 4.311, 3.552, 4.855, 6.347 ],
  "publishDelayLatencyAvg" : [ 69.92079207920793, 68.86, 67.53465346534654, 71.5, 67.23, 68.36633663366337 ],
  "publishDelayLatency50pct" : [ 64, 64, 65, 64, 64, 65 ],
  "publishDelayLatency75pct" : [ 68, 70, 68, 67, 69, 70 ],
  "publishDelayLatency95pct" : [ 99, 102, 87, 85, 87, 90 ],
  "publishDelayLatency99pct" : [ 139, 124, 94, 179, 118, 111 ],
  "publishDelayLatency999pct" : [ 163, 131, 97, 363, 135, 127 ],
  "publishDelayLatency9999pct" : [ 163, 131, 97, 363, 135, 127 ],
  "publishDelayLatencyMax" : [ 163, 131, 97, 363, 135, 127 ],
  "aggregatedPublishLatencyAvg" : 2.425830845771144,
  "aggregatedPublishLatency50pct" : 2.228,
  "aggregatedPublishLatency75pct" : 2.615,
  "aggregatedPublishLatency95pct" : 3.516,
  "aggregatedPublishLatency99pct" : 4.541,
  "aggregatedPublishLatency999pct" : 6.347,
  "aggregatedPublishLatency9999pct" : 6.347,
  "aggregatedPublishLatencyMax" : 6.347,
  "aggregatedPublishDelayLatencyAvg" : 68.91029900332227,
  "aggregatedPublishDelayLatency50pct" : 64,
  "aggregatedPublishDelayLatency75pct" : 69,
  "aggregatedPublishDelayLatency95pct" : 92,
  "aggregatedPublishDelayLatency99pct" : 135,
  "aggregatedPublishDelayLatency999pct" : 363,
  "aggregatedPublishDelayLatency9999pct" : 363,
  "aggregatedPublishDelayLatencyMax" : 363,
  "aggregatedPublishLatencyQuantiles" : {
    "0.16583747927031509" : 1.603,
    "0.6633499170812603" : 1.679,
    "1.1608623548922057" : 1.729,
    "1.658374792703151" : 1.754,
    "2.155887230514096" : 1.773,
    "2.6533996683250414" : 1.78,
    "3.1509121061359866" : 1.787,
    "3.648424543946932" : 1.794,
    "4.311774461028192" : 1.809,
    "4.643449419568823" : 1.813,
    "5.140961857379768" : 1.837,
    "5.638474295190713" : 1.855,
    "6.467661691542289" : 1.868,
    "6.633499170812604" : 1.869,
    "7.131011608623549" : 1.878,
    "7.628524046434494" : 1.889,
    "8.291873963515755" : 1.898,
    "8.623548922056385" : 1.901,
    "9.286898839137645" : 1.908,
    "9.618573797678275" : 1.913,
    "10.281923714759536" : 1.918,
    "10.613598673300165" : 1.924,
    "11.11111111111111" : 1.929,
    "11.608623548922056" : 1.933,
    "12.106135986733001" : 1.938,
    "12.769485903814262" : 1.947,
    "13.101160862354892" : 1.959,
    "13.930348258706468" : 1.966,
    "14.096185737976782" : 1.967,
    "14.593698175787727" : 1.971,
    "15.091210613598673" : 1.975,
    "15.588723051409618" : 1.98,
    "16.417910447761194" : 1.985,
    "16.749585406301826" : 1.989,
    "17.24709784411277" : 1.994,
    "17.744610281923716" : 1.998,
    "18.24212271973466" : 2.0,
    "18.57379767827529" : 2.002,
    "19.071310116086234" : 2.005,
    "19.56882255389718" : 2.011,
    "20.066334991708125" : 2.014,
    "20.729684908789388" : 2.018,
    "21.061359867330015" : 2.02,
    "21.558872305140962" : 2.026,
    "22.056384742951906" : 2.029,
    "22.71973466003317" : 2.034,
    "23.051409618573796" : 2.035,
    "23.71475953565506" : 2.047,
    "24.046434494195687" : 2.048,
    "24.543946932006634" : 2.05,
    "25.041459369817577" : 2.051,
    "25.70480928689884" : 2.053,
    "26.036484245439468" : 2.055,
    "26.533996683250415" : 2.059,
    "27.03150912106136" : 2.063,
    "27.529021558872305" : 2.069,
    "28.026533996683252" : 2.072,
    "28.524046434494196" : 2.073,
    "29.021558872305143" : 2.079,
    "29.519071310116086" : 2.084,
    "30.016583747927033" : 2.086,
    "30.514096185737976" : 2.092,
    "31.177446102819236" : 2.095,
    "31.8407960199005" : 2.096,
    "32.00663349917081" : 2.098,
    "32.66998341625207" : 2.102,
    "33.001658374792704" : 2.105,
    "33.830845771144276" : 2.109,
    "34.16252072968491" : 2.111,
    "34.660033167495854" : 2.119,
    "35.1575456053068" : 2.122,
    "35.65505804311775" : 2.125,
    "36.15257048092869" : 2.133,
    "36.81592039800995" : 2.137,
    "37.14759535655058" : 2.138,
    "37.64510779436153" : 2.14,
    "38.308457711442784" : 2.145,
    "38.80597014925373" : 2.146,
    "39.13764510779436" : 2.149,
    "39.966832504145934" : 2.155,
    "40.298507462686565" : 2.156,
    "40.79601990049751" : 2.162,
    "41.29353233830846" : 2.166,
    "41.62520729684909" : 2.168,
    "42.12271973466003" : 2.172,
    "42.78606965174129" : 2.177,
    "43.117744610281925" : 2.182,
    "43.61525704809287" : 2.188,
    "44.27860696517413" : 2.191,
    "44.61028192371476" : 2.194,
    "45.27363184079602" : 2.196,
    "45.77114427860697" : 2.199,
    "46.10281923714759" : 2.201,
    "46.60033167495854" : 2.207,
    "47.2636815920398" : 2.21,
    "47.76119402985075" : 2.213,
    "48.09286898839137" : 2.215,
    "48.59038142620232" : 2.216,
    "49.08789386401327" : 2.223,
    "49.75124378109453" : 2.226,
    "50.082918739635154" : 2.228,
    "50.414593698175786" : 2.234,
    "50.74626865671642" : 2.237,
    "50.91210613598673" : 2.241,
    "51.07794361525705" : 2.244,
    "51.40961857379768" : 2.245,
    "51.575456053067995" : 2.246,
    "52.072968490878935" : 2.251,
    "52.57048092868988" : 2.255,
    "53.06799336650083" : 2.258,
    "53.73134328358209" : 2.261,
    "53.89718076285241" : 2.264,
    "54.06301824212272" : 2.266,
    "54.56053067993366" : 2.271,
    "54.892205638474294" : 2.275,
    "55.05804311774461" : 2.276,
    "55.38971807628524" : 2.278,
    "55.55555555555556" : 2.279,
    "55.88723051409619" : 2.284,
    "56.053067993366504" : 2.285,
    "56.38474295190713" : 2.287,
    "56.550580431177444" : 2.289,
    "56.882255389718075" : 2.292,
    "57.04809286898839" : 2.293,
    "57.37976782752902" : 2.296,
    "57.54560530679934" : 2.298,
    "57.87728026533997" : 2.299,
    "58.043117744610285" : 2.301,
    "58.540630182421225" : 2.303,
    "59.03814262023217" : 2.314,
    "59.53565505804312" : 2.318,
    "59.86733001658375" : 2.322,
    "60.033167495854066" : 2.323,
    "60.36484245439469" : 2.325,
    "60.530679933665006" : 2.326,
    "60.86235489220564" : 2.327,
    "61.19402985074627" : 2.331,
    "61.359867330016584" : 2.333,
    "61.5257048092869" : 2.334,
    "61.85737976782753" : 2.343,
    "62.02321724709785" : 2.344,
    "62.35489220563847" : 2.347,
    "62.52072968490879" : 2.348,
    "62.85240464344942" : 2.353,
    "63.018242122719734" : 2.357,
    "63.51575456053068" : 2.365,
    "63.84742951907131" : 2.369,
    "64.01326699834162" : 2.374,
    "64.34494195688225" : 2.38,
    "64.51077943615257" : 2.381,
    "64.8424543946932" : 2.384,
    "65.17412935323384" : 2.385,
    "65.33996683250415" : 2.387,
    "65.50580431177445" : 2.388,
    "66.00331674958541" : 2.391,
    "66.50082918739635" : 2.395,
    "66.83250414593698" : 2.401,
    "67.33001658374793" : 2.403,
    "67.66169154228855" : 2.408,
    "67.82752902155887" : 2.411,
    "68.1592039800995" : 2.415,
    "68.32504145936981" : 2.416,
    "68.65671641791045" : 2.419,
    "68.82255389718077" : 2.429,